format,objectid,filename,title,subject,subcountry,period,date,denomination,mint,latitude,longitude,mintage,composition,weight,diameter,obverse-text,reverse-text,acquired,source,notes
image/png,ES1810N26573-25,https://drive.google.com/thumbnail?id=1PNSABHdEERHV4sRpbUGH6BECoiAuGQ3F&sz=s4000,ES1810N26573-25,Spain,Kingdom of Spain,Joseph Bonaparte (1808-1813),1810,4 Reales,Madrid,,,,Silver (.812),6,26,•IOSEPH•NAP• •DEI•GRATIA• 1810,"•HISPANIARUM ET IND•REX. M•A•I•, 4R",11/07/2022,eBay Seller: holdinghistory,
image/png,CA1904N4585-27,https://drive.google.com/thumbnail?id=1a-VlFT8BYN9jN5iw1jWvDECxXJq-ipKb&sz=s4000,CA1904N4585-27,Canada,Dominion of Newfoundland,Edward VII (1901-1910),1904,50 Cents,Birmingham,,,"140,000",Silver (.925),11.78,29.74,EDWARDUS VII GRATIA REX IMPERATOR,NEWFOUNDLAND 50 CENTS 1904 H,,"Wayne Miller Coins, Helena, MT",
image/png,DE1839N15420-22,https://drive.google.com/thumbnail?id=1s95Rz5670_8Aad3AyGWIGZvZ8uoViZUL&sz=s4000,DE1839N15420-22,Germany,Kingdom of Bavaria,Ludwig I (1825-1848),1839,1 Gulden,Munich,,,"2,319,626",Silver (.9000),10.49,30.02,"LUDWIG I KŒNIG VON BAYERN, C.VOIGT","1, GULDEN, 1841",08/25/2021,eBay Seller: ufomechanix,
image/png,IE1941N12547-21,https://drive.google.com/thumbnail?id=1wxZrMApZ3mC2YQt7mFKOnRcXXM1yMux4&sz=s4000,IE1941N12547-21,Ireland,,Republic (1937-Present),1941,1 Florin,London,,,"400,000 ex.",Silver (.7500),11.3104,28.5,éire 1941,Flóirín 2s,04/25/2021,eBay seller: ufomechanix,
image/png,IT1924N2682-23,https://drive.google.com/thumbnail?id=1LlXtmmtfkiANn7C0fHCG4xZep1e-TYlu&sz=s4000,IT1924N2682-23,Italy,Kingdom of Italy (1861-1946),Vittorio Emanuele III (1900-1946),1924,2 Lire,Rome,,,"45,050,500 ex.",Nickel,10,29,·VITTORIO·EMANVELE·III·RE·D'ITALIA·,P.MORBIDUCCI A•MOTTI•INC• BVONO DA LIRE 2 1924 R,,"Wayne Miller Coins, Helena, MT",
image/png,BE1869N276-6,https://drive.google.com/thumbnail?id=1JuouhWqiGpKs79GCkC3cKMkpquZSjRxH&sz=s4000,BE1869N276-6,Belgium,,Leopold II (1865-1909),1869,5 Francs,Brussels,,,"12,657,542 ex.",Silver (.9000),25,37,LEOPOLD II ROI DES BELGES LEOP WIENER,L'UNION FAIT LA FORCE 5 F 1869,04/18/2021,eBay Seller: ufomechanix,
image/png,GB1280N323723-31,https://drive.google.com/thumbnail?id=1viEiPgM6y7miFnXqJy1arTTN-2P0CgP8&sz=s4000,GB1280N323723-31,United Kingdom,,Edward I (1272-1307),1280,1 Penny,London,,,,Silver (.925),1.39,19,+ ЄDW R' AИGL' DИS hYB,CIVI TAS LOИ DOИ,9/19/2020,eBay Seller: holdinghistory,class 2b
image/png,FR1875N1187-32,https://drive.google.com/thumbnail?id=1Ol--n67f1xh3d4YFuDMeopXXu0R9nYlq&sz=s4000,FR1875N1187-32,France,Third Republic (1870-1940),,1875,5 Francs,Paris,,,"13,338,560 ex.",Silver (.9000),25,37,RÉPUBLIQUE FRANÇAISE 5 FRANCS 1875 A,LIBERTÉ ÉGALITÉ FRATERNITÉ Dupré,4/23/2022,eBay Seller: elfreeman,
image/png,FR1874N1187-33,https://drive.google.com/thumbnail?id=1xllb3RFrArMUY1bwF0Vp0Rd0tl-eNj43&sz=s4000,FR1874N1187-33,France,Third Republic (1870-1940),,1874,5 Francs,Paris,,,"7,883,975 ex.",Silver (.9000),25,37,RÉPUBLIQUE FRANÇAISE 5 FRANCS 1874 A,LIBERTÉ ÉGALITÉ FRATERNITÉ Dupré,4/23/2022,eBay Seller: elfreeman,
image/png,BO1830N19719-34,https://drive.google.com/thumbnail?id=1fqUVeI0YinIEd7URTT59fUKW593ExmW0&sz=s4000,BO1830N19719-34,Bolivia,Republic of Bolivia (1825-Present),,1830,4 Soles,Potosi,,,,Silver (.667),13.5,32,REPUBLICA BOLIVIANA PTS.4S.1830.J.L,LIBRE POR LA CONSTITUCION BOLIVAR,4/25/2022,eBay Seller: toyscout1,PTS JL
image/png,GB1948N1295-30,https://drive.google.com/thumbnail?id=1JTlpD-8ka2E-_YIezPii5v67DerZjktw&sz=s4000,GB1948N1295-30,United Kingdom,,George VI (1936-1952),1948,1/2 Crown,,,,"71,164,700 ex.",Copper-nickel,14.14,32.3,GEORGIVS VI D:G:BR:OMN:REX HP,FID:DEF IND:IMP GG GG K G HALF CROWN 1948,,"Wayne Miller Coins, Helena, MT",
image/png,GB1965N6898-11,https://drive.google.com/thumbnail?id=1bwvR_afAT7CfVVOOzl-kMrKfrQ-QPBgv&sz=s4000,GB1965N6898-11,United Kingdom,,Elizabeth II (1952-Present),1965,1 Crown,London,,,"19,640,000 ex.",Copper-nickel,28.28,38.61,ELIZABETH II DEI GRATIA REGINA F·D· 1965,CHURCHILL,,Collection of Patricia Scarpelli,
image/png,DE1913N4713-2,https://drive.google.com/thumbnail?id=1mKjxALfNC6hSP65DOnyU0Kzui5Lt1XS7&sz=s4000,DE1913N4713-2,Germany,Kingdom of Prussia,Wilhelm II (1888-1918),1913,3 Mark,Berlin,,,"2,000,000 ex.",Silver (.9000),16.667,33,DEUTSCHES REICH 1913 * DREI MARK *,DER KÖNIG RIEF UND ALLE ALLE KAMEN · MIT GOTT·FÜR KÖNIG UND VATERLAND 17-3-1813,6/24/2022,eBay Seller: cityviewthaler,
image/png,IT1808N17810-8,https://drive.google.com/thumbnail?id=1Dnc4rP98iIRsN8IoZgdxA2z6hzqCWgIT&sz=s4000,IT1808N17810-8,Italy,Principality of Lucca and Piombino,Elisa Bonaparte Baciocchi (1805-1809),1808,5 Franchi,,,,"174,960 ex.",Silver (.9000),25,37,FELICE ED ELISA PP.DI LUCCA E PIOMBINO.,PRINCIPATO DI LUCCA E PIOMBINO 5 FRANCHI 1807/8,7/10/2021,"Treasure Coins, Missoula, MT",1807/1808 Variety
image/png,IT1835N15429-9,https://drive.google.com/thumbnail?id=1u4x9gJFkI_kzWDh0YDkkcFJ3ow-rUz2i&sz=s4000,IT1835N15429-9,Italy,Kingdom of Sardinia,Charles Albert (1831-1849),1835,5 Lire,Genoa,,,"336,157 ex.",Silver (.9000),25,37,CAR.ALBERTVS D.G.REX SARD.CYP.ET HIER· 1835 FERRARIS,DVX SAB· GENVAE ET MONTISF· PRINC· PED. &· P L 5,7/10/2022,"Treasure Coins, Missoula, MT",
image/png,IT1884N7565-28,https://drive.google.com/thumbnail?id=1H84cx_IUZYHLOVrmljGHbIQSqGuD_0Gt&sz=s4000,IT1884N7565-28,Italy,Kingdom of Italy (1861-1949),Umberto I (1878-1900),1884,2 Lire,Rome,,,"4,500,000 ex.",Silver (.835),10,27,UMBERTO I RE D'ITALIA 1884 SPERANZA,L 2 R,,"Wayne Miller Coins, Helena, MT",
image/png,MX1876N7394-16,https://drive.google.com/thumbnail?id=1GhCmhXirmBN0zU0LwO74Cx06Lot-w2Oi&sz=s4000,MX1876N7394-16,Mexico,Porfiriato (1876-1911),,1876,8 Reales,Zacatecas,,,,Silver (.903),27.07,38.9,REPUBLICA MEXICANA,LIBERTAD 8R.Zs.1876.J.A.10Ds.20Gs.,,"The Coin and Treasure Shoppe, Monterey, CA",
image/png,PE1896N9096-4,https://drive.google.com/thumbnail?id=1Qx7qZct8L4p1NjWNVlhxnPoi1zottwla&sz=s4000,PE1896N9096-4,Peru,Republic of Peru (1883-1930),,1896,1 Sol,Lima,,,,Sliver (.9000),25,37,REPUBLICA PERUANA LIMA 9 DECIMOS FINO T. F. 1896,FIRME Y FELIZ POR LA UNION LIBER TAD UN SOL,7/6/2021,"Dave's Pawn, Helena, MT",
image/png,SE1932N12991-12,https://drive.google.com/thumbnail?id=1Q5lTTcznTi0Li6tuqTfpqGZ3e1nIjOmU&sz=s4000,SE1932N12991-12,Sweden,Kingdom of Sweden (1905-Present),Gustaf V (1907-1950),1932,2 Kronor,,,,"253,770 ex.",Silver (.800),15,31,G E.L.,GUSTAF V SVERIGES KONUNG TREHUNDRA- ÅRSMINNE AV KONUNG GUSTAF II ADOLFs DÖD VID LÜT: ZEN 6 NOV· 16 32 2KR 1932,,eBay,300th Anniversary of the death of Gustaf II Adolf in Lützen
image/png,US2021N1493-10,https://drive.google.com/thumbnail?id=1UnB5AuiUCihxkyGNftQARxiBPcJQVjEQ&sz=s4000,US2021N1493-10,United States of America,,Federal Republic (1776-Present),2021,1 Dollar,Philadelphia,,,"495,500",Silver (.999),31.103,40.6,L I B E R T Y IN GOD WE TRUST AAW 2021,·UNITED STATES OF AMERICA· E PLURIBUS UNUM JM 1 OZ. FINE SILVER~ONE DOLLAR,10/11/2021,"Littleton Coin Company, Littleton, New Hampshire",
image/png,US1893N4396-18,https://drive.google.com/thumbnail?id=11N-4eqe0uE97BqULoTZJPirQo8aSyrA5&sz=s4000,US1893N4396-18,United States of America,,Federal Republic (1776-Present),1893,1/2 Dollar,Philadelphia,,,"1,550,405 ex.",Silver (.9000),12.5,30.61,*UNITED STATES OF AMERICA* COLUMBIAN HALF DOLLAR,WORLD'S COLUMBIAN EXPOSITION CHICAGO 14 92 *1893*,,"Golden Girls Antique Mall, Helena, MT",
image/png,US1946N4400-19,https://drive.google.com/thumbnail?id=1AMTcmA5Y3bQQx8nSsF-o1I2tJ8o56cpG&sz=s4000,US1946N4400-19,United States of America,,Federal Republic (1776-Present),1946,1/2 Dollar,Philadelphia,,,"1,000,546 ex.",Silver (.9000),12.5,30.6,UNITED STATES OF AMERICA 1946 HALF DOLLAR E PLURIBUS UNUM BOOKER T. WASHINGTON,BOOKER T. WASHINGTON BIRTHPLACE MEMORIAL FROM SLAVE CABIN TO HALL OF FAME IN GOD WE TRUST FRANKLIN COUNTY VA. ☆ LIBERTY ☆,4/12/2021,eBay Seller: sced-19,
image/png,US1820N10637-17,https://drive.google.com/thumbnail?id=1aIotDxzwAOiRt5sEityXXAQdCcEKVmhP&sz=s4000,US1820N10637-17,United States of America,,Federal Republic (1776-Present),1820,1/2 Dollar,Philadelphia,,,"751,122 ex.",Silver (.8924),13.48,32.5,LIBERTY 1820,UNITED STATES OF AMERICA E PLURIBUS UNUM 50 C.,,"Wayne Miller Coins, Helena, MT","large date, square base, curl top 2"
image/png,US1858N14904-29,https://drive.google.com/thumbnail?id=19ptkLk0G6spxcSCfbBa4E-euDk8Ql2qH&sz=s4000,US1858N14904-29,United States of America,,Federal Republic (1776-Present),1858,1/2 Dollar,New Orleans,,,"7,294,000 ex.",Silver (.9000),12.44,30.6,1858,UNITED STATES OF AMERICA HALF DOL. O,4/10/2021,eBay Seller: bubbasully,
image/png,US1879N1492-13,https://drive.google.com/thumbnail?id=1xcXdn7i7qsVzybCn6-bj36jd1glL1ZMi&sz=s4000,US1879N1492-13,United States of America,,Federal Republic (1776-Present),1879,1 Dollar,San Francisco,,,"9,110,000 ex.",Silver (.9000),26.73,38.1,E · PLURIBUS · UNUM LIBERTY 1879,UNITED STATES OF AMERICA In God we trust * ONE DOLLAR * S,,"Wayne Miller Coins, Helena, MT",Reverse of 1879
image/png,US1880N1492-7,https://drive.google.com/thumbnail?id=1hPWPGc-CtN3S0su6FG9YxG8V9tqvpo3c&sz=s4000,US1880N1492-7,United States of America,,Federal Republic (1776-Present),1880,1 Dollar,Philadelphia,,,"12,600,000 ex.",Silver (.9000),26.73,38.1,E · PLURIBUS · UNUM LIBERTY 1880,UNITED STATES OF AMERICA In God we trust * ONE DOLLAR *,,"Wayne Miller Coins, Helena, MT",
image/png,US1921N1492-3,https://drive.google.com/thumbnail?id=1McnC82pCBaQsZVO_66JCiiilou-28b7c&sz=s4000,US1921N1492-3,United States of America,,Federal Republic (1776-Present),1921,1 Dollar,Philadelphia,,,"44,690,000 ex.",Silver (.9000),26.73,38.1,E · PLURIBUS · UNUM LIBERTY 1921,UNITED STATES OF AMERICA In God we trust * ONE DOLLAR *,,"Wayne Miller Coins, Helena, MT",
image/png,US1923N5580-1,https://drive.google.com/thumbnail?id=16qowHQl62T12xphRk9QomI8Xs0jUYHAr&sz=s4000,US1923N5580-1,United States of America,,Federal Republic (1776-Present),1923,1 Dollar,Philadelphia,,,"30,800,000 ex.",Silver (.9000),26.73,38.1,LIBERTY IN GOD WE TRUST AF 1923,UNITED STATES OF AMERICA E PLURIBUS UNUM ONE DOLLAR PEACE,,"Wayne Miller Coins, Helena, MT",
image/png,US1924N5580-15,https://drive.google.com/thumbnail?id=1Jq_aOKuRcCPGXea1QlqnCkSMQ0UOzOBi&sz=s4000,US1924N5580-15,United States of America,,Federal Republic (1776-Present),1924,1 Dollar,Philadelphia,,,"11,811,000 ex.",Silver (.9000),26.73,38.1,LIBERTY IN GOD WE TRUST AF 1924,UNITED STATES OF AMERICA E PLURIBUS UNUM ONE DOLLAR PEACE,,"Wayne Miller Coins, Helena, MT",
image/png,US1972N1346-14,https://drive.google.com/thumbnail?id=1DIRgghU3BCPq7Mt8fXfzkEilUMSOPgU9&sz=s4000,US1972N1346-14,United States of America,,Federal Republic (1776-Present),1972,1 Dollar,Philadelphia,,,"75,890,000 ex.",Copper-Nickel clad Copper,22.68,38.1,LIBERTY IN GOD WE TRUST 1972,UNITED STATES OF AMERICA E PLURIBUS UNUM FG ONE DOLLAR,,"Wayne Miller Coins, Helena, MT",
image/png,AR1884N2220-47,https://drive.google.com/thumbnail?id=1bokUgJ8USk-UUZrg4i7SKpdj1RHKZNFA&sz=s4000,AR1884N2220-47,Argentina,Argentine Republic (1861-Present),,1884,2 Centavos,,,,"5,667,000",Bronze,10,30,REPUBLICA ARGENTINA *1884*,LIBERTAD OUDINÉ * DOS CENTAVOS *,,"Wayne Miller Coins, Helena, MT",
image/png,BO1830N34789-36,https://drive.google.com/thumbnail?id=1LNKyxlz9Ob1qjzAFYb3DjJH4h27SN-1h&sz=s4000,BO1830N34789-36,Bolivia,Republic of Bolivia (1825-Present),,1830,2 Soles,Potosi,,,,Silver (.667),6.2,30,LIBRE POR LA CONSTITUCION· BOLIVAR,REPUBLICA BOLIVIANA · PTS · 2S · 1830 · J · L ·,4/25/2022,eBay Seller: toyscout1,
image/png,BO1909N14507-35,https://drive.google.com/thumbnail?id=1iUyZqpU6eWNXcaAaRcvmXdXb8oNAs4iR&sz=s4000,BO1909N14507-35,Bolivia,Republic of Bolivia (1825-Present),,1909,50 Centavos,Birmingham,,,"1,400,000 ex.",Silver (.833),10,29.6,REPUBLICA DE BOLIVIA,LA UNION ES LA FUERZA MEDIO BOLIVIANO 50 CENTAVOS 10/12 FINO 1909,4/25/2022,eBay Seller: toyscout1,
image/png,DE1682N42543-49,https://drive.google.com/thumbnail?id=19RIZB7TPgfVk3g8xfqxXGmL3L7Jy-Xv4&sz=s4000,DE1682N42543-49,Germany,Brandenburg-Prussia,Friedrich Wilhelm (1640-1688),1682,6 Groschen,,,,"4,400,000",Silver,3.77,25.47,FRID.WILH.DG.M.B.S.R.I.A.C & E H.S.,SUPREMUS DUX IN PRUSSIA VI 1682,10/10/2020,eBay Seller: holdinghistory,
image/png,DE1805N15622-48,https://drive.google.com/thumbnail?id=1RlCs6Ad2QQ8lbAZ0Q04IbZMT-g_qg3DA&sz=s4000,DE1805N15622-48,Germany,Kingdom of Prussia,Friedrich Wilhelm III (1797-1840),1805,4 Groschen,Berlin,,,,Silver (.521),5.345,26,FRIDERICUS WILHELM. III BORUSS.REX,PURA COLON. 84 EX MARCA 18 05 4.GR. A,,"Wayne Miller Coins, Helena, MT",
image/png,DE1975N843-46,https://drive.google.com/thumbnail?id=1mfA-tmbqzyCKXI53MtlUR7pbtc5G9pQo&sz=s4000,DE1975N843-46,Germany,Federal Republic of Germany,Federal Republic (1949-Present),1975,5 Deutsche Mark,Stuttgart,,,"75,002,000",Copper-Nickel Clad Nickel,10,29,1975 F,5 DEUTSCHE MARK BUNDESREPUBLIK DEUTSCHLAND,,"Wayne Miller Coins, Helena, MT",
image/png,ES-C1807N41659-37,https://drive.google.com/thumbnail?id=1nNYUbsSnNdTU1ryxYYado_Axjo847POG&sz=s4000,ES-C1807N41659-37,Spanish Colonies,Viceroyalty of the Río de la Plata,Charles IV (1788-1808),1807,2 Reales,Potosí,,,"98,000",Silver (.896),6.7668,26,CAROLUS·IIII·DEI·GRATIA·1807,HISPAN·ET IND·REX,4/25/2022,eBay Seller: toyscout1,
image/png,ES-C1808N41659-38,https://drive.google.com/thumbnail?id=1R1hqCx7w1wnxDM5ZDNKoLedpkKLdiZsb&sz=s4000,ES-C1808N41659-38,Spanish Colonies,Viceroyalty of the Río de la Plata,Charles IV (1788-1808),1808,2 Reales,Potosí,,,"203,000",Silver (.896),6.7668,26,CAROLUS·IIII·DEI·GRATIA·1808,HISPAN·ET IND·REX,4/25/2022,eBay Seller: toyscout1,
image/png,GB1860N143549-40,https://drive.google.com/thumbnail?id=1A7mD-HI9gQLFgD2UTn8gHva4gozv52Fi&sz=s4000,GB1860N143549-40,United Kingdom,Kingdom of England (927-1707),Elizabeth I (1558-1603),1560-1561,1 Groat,London,,,,Silver (.925),2.02,23,ELIZABETH:D.G:AN:FR:ET:HIB:REGINA.,POSVI DEV:AD IVTORE M:MEV,10/16/2021,eBay seller: holdinghistory,
image/png,DE1906N3412-56,https://drive.google.com/thumbnail?id=16RZEe8mT29DwWjPbjeVyu-3lT2SwMsQd&sz=s4000,DE1906N3412-56,Germany,German Empire,Wilhelm II (1888-1918),1906,1 Mark,Muldenhütten,,,"745,439",Silver (.900),5.556,24,E E,DEUTSCHES REICH 1 MARK 1906,,"Wayne Miller Coins, Helena, MT",
image/png,DE1922N2729-55,https://drive.google.com/thumbnail?id=1EjdQa3s8mzdnqUrYHjz3gWQJ5w4gwa9R&sz=s4000,DE1922N2729-55,Germany,Weimar Republic (1918-1933),,1922,50 Pfennig,Stuttgart,,,,Aluminium,1.65,23,Sich regen bringt Segen F,Deutsches Reich 50 Pfennig 1922,,"Wayne Miller Coins, Helena, MT",
image/png,ES-C1841N78553-39,https://drive.google.com/thumbnail?id=1S-GfG8S-wbd1_d1YZC5rMG_VbZ8qVwt9&sz=s4000,ES-C1841N78553-39,Spanish Colonies,Captaincy General of Cuba,Charles V (1833-1845),1841,2 Reales,Madrid,,,,Silver (.903),6.77,26,CAROLUS III.DEI.G. • 1778 •,HISPANIARUM REX R 2 M PI,,"Wayne Miller Coins, Helena, MT","Owing to lack of coins at Cuba Island, provided by American minthouses (mainly Mexico), many coins of Spanish 2 Reales (colloquially called ""Sevillanas"") were illegally introduced. They had a lower value (American ""Columnarias""= 1/4 Peso, and 2 Reales Spain= 1/5 Peso), so Spanish government decided to collect those spanish coins, but in the meanwhile, to avoid scarcity of cash, they decided to countermark to give them their real value; 50 dies were used, 20 at La Habana, 15 at Puerto Príncipe and 15 at Santigo de Cuba.
Countermark on Spanish (Madrid) 2 Reales, KM#412.1."
image/png,FR1867N1167-57,https://drive.google.com/thumbnail?id=1p4fX5pY1GIbsWmfrqu7qyB9p8n_ilrYx&sz=s4000,FR1867N1167-57,France,Second French Empire,Napoleon III (1852-1870),1867,50 Centimes,Paris,,,,Silver (.835),2.5,18,* NAPOLEON III EMPEREUR BARRE,EMPIRE FRANÇAIS 50 CENT. 1867 A,,"Cayuga Coins, Ithaca, NY",
image/png,GB1797N1287-54,https://drive.google.com/thumbnail?id=1FoMc7Dnm-QyWS-zRF7Dw4YimSbJDWEwI&sz=s4000,GB1797N1287-54,United Kingdom,Kingdom of Great Britain,George III (1760-1820),1797,2 Pence,"Soho Mint, Handsworth",,,,Copper,56.7,41,GEORGIUS III · D:G · REX.,BRITANNIA. 1797,10/23/2020,eBay seller: holdinghistory,Purchased for $34.00
image/png,GB-C1942N2470-45,https://drive.google.com/thumbnail?id=1xzBwWjUW5LiydIRYPGErTLqbgtb-3NBm&sz=s4000,GB-C1942N2470-45,British Colonies,British Raj (1858-1947),George VI (1936-1952),1942,1 Rupee,Mumbai,,,,Silver (.500),11.66,30.5,GEORGE VI KING EMPEROR 1942,ONE RUPEE INDIA 1945 یک روپیہ,,"Wayne Miller Coins, Helena, MT",
image/png,GB1567N52663-41,https://drive.google.com/thumbnail?id=1hdCgKMt9j_P5bI8M9ggIhiYSAXeAsV_c&sz=s4000,GB1567N52663-41,United Kingdom,Kingdom of England (927-1707),Elizabeth I (1558-1603),1567,3 Pence,"Tower Mint, London",,,,Silver (.925),1.5,19,ELIZABETH · D · G · ANG · FR · ET · HI · REGINA,,* POSVI DEV . AD IVTORE M · MEV . · 15 67 ·,eBay seller: holdinghistory,purchased for $20.50
image/png,MX181xN35568-53,https://drive.google.com/thumbnail?id=1P1n4i2iF5kyF-podw2J0v9jwWMkl3AsP&sz=s4000,MX181xN35568-53,Mexico,Oaxaca Insurgents,Mexican War of Independence (1810-1821),1811-1814,2 Reales,Oaxaca,,,,Copper,6.75,25.5,SUD,M 2 R,4/3/2021,eBay seller: holdinghistory,NGC Certified (not encapsulated -- illegible date): https://www.ngccoin.com/certlookup/5932007-015/Other/
image/png,SV1892N24741-42,https://drive.google.com/thumbnail?id=1auhMtwqGUEel-PUoZGbG_OCoxfPrcMXi&sz=s4000,SV1892N24741-42,El Salvador,,Republic of El Salvador (1841-Present),1892,50 Centavos,San Salvador,,,"55,000",Silver (.900),12.5,31,REPUBLICA DEL SALVADOR 900 C.A.M. 1892,•CRISTÓBAL COLÓN• 50 CENTAVOS AMÉRICA CENTRAL,,"Wayne Miller Coins, Helena, MT",
image/png,US1851N9100-51,https://drive.google.com/thumbnail?id=1naSUWfsXTwdfhmWclUM_7St7RxbJr84w&sz=s4000,US1851N9100-51,United States of America,,Federal Republic (1776-Present),1851,10 Cents,New Orleans,,,"400,000",Silver (.900),2.67,17.9,1851,UNITED STATES OF AMERICA ONE DIME O,,"Wayne Miller Coins, Helena, MT",
image/png,US1906N10085-43,https://drive.google.com/thumbnail?id=1Pm1F_DBIMvBnCHxo27NRfV6wHd-baJY6&sz=s4000,US1906N10085-43,United States of America,,Federal Republic (1776-Present),1906,1/2 Dollar,Denver,,,"4,028,000",Silver (.900),12.5,30.6,IN GOD WE TRUST 1906,UNITED STATES OF AMERICA E PLURIBUS UNUM D HALF DOLLAR,,"Wayne Miller Coins, Helena, MT",
image/png,US1943N51-52,https://drive.google.com/thumbnail?id=1eNWtmD0nIkErAxHbcYQGTKqshSaDpRiZ&sz=s4000,US1943N51-52,United States of America,,Federal Republic (1776-Present),1943,10 Cents,Denver,,,"71,949,000",Silver (.900),2.5,17.9,LIBERTY IN GOD WE TRUST 1943 AAW,E • PLURIBUS UNUM UNITED • STATES • OF • AMERICA * ONE DIME * D,,"Wayne Miller Coins, Helena, MT",
image/png,US1945N4455-50,https://drive.google.com/thumbnail?id=1qfbOyM5CGoemvydPO6-_RxfKrJ9eKtjd&sz=s4000,US1945N4455-50,United States of America,,Federal Republic (1776-Present),1945,1/2 Dollar,Philadelphia,,,"10,000,000",Silver (.900),12.5,30.6,LIBERTY IN GOD WE TRUST 1945,UNITED·STATES·OF·AMERICA E·PLURIBUS UNUM HALF·DOLLAR AAW,4/11/2021,eBay seller: liqueurboxtwice,Purchased for $12.00
image/png,US1947N4455-44,https://drive.google.com/thumbnail?id=13mg2AGzspmN-xvNyIvw2qd25aRdOrBo4&sz=s4000,US1947N4455-44,United States of America,,Federal Republic (1776-Present),1947,1/2 Dollar,Philadelphia,,,"4,100,000",Silver (.900),12.5,30.6,LIBERTY IN GOD WE TRUST 1947,UNITED·STATES·OF·AMERICA E·PLURIBUS UNUM HALF·DOLLAR AAW,,"Wayne Miller Coins, Helena, MT",
image/png,ROM121N255032-58,https://drive.google.com/thumbnail?id=15KCY9-5KpYCNENEPJBMubKr41DwUGuve&sz=s4000,ROM121N255032-58,Ancient Rome,Roman Empire (27BC-395AD),Hadrian (117-138),121,Sestertius,Rome,,,,Orichalcum,25,32.5,IMP CAESAR TRAIAN HADRIANVS AVG P M TR P COS III,PIETAS AVGVSTI S C,10/10/2020,eBay seller: holdinghistory,Purchased for $22.50
image/png,ROM141N261516-59,https://drive.google.com/thumbnail?id=1wIDBtRh6H0gNwoDRCCaUqCSD9kWVr06r&sz=s4000,ROM141N261516-59,Ancient Rome,Roman Empire (27BC-395AD),Antoninus Pius (138-161),141,Sestertius,Rome,,,,Bronze,23.7,30.5,DIVA FAVSTINA,AVGVSTA S C,3/4/2021,eBay seller: holdinghistory,Purchased for $18.50
image/png,DE1777N17487-65,https://drive.google.com/thumbnail?id=1uRO1kwZsgXG8Po6LUSogcxGr5EsFKiVD&sz=s4000,DE1777N17487-65,Germany,County of Eastern Friesland,Friedrich II,1777,1 Stüber,Berlin,,,,Billon,1.25,17,FRIDERIC BORUSS REX,1 STUBER 1777 A,,eBay lot--unknown,
image/png,DE1831N147757-63,https://drive.google.com/thumbnail?id=1hNEfMvxqN_CTRWSLIyQcHS9BuWqQp8YG&sz=s4000,DE1831N147757-63,Germany,Grand Duchy of Mecklenburg-Schwerin,Frederick Francis I (1815-1837),1831,3 Pfenninge,,,,"357,074",Billon (.125 silver),0.45,12.5,FF,.III. PFENNINGE M.S.L.M. 1831,,eBay lot -- Unknown seller,
image/png,DE1871N8272-64,https://drive.google.com/thumbnail?id=1xUuDd6ijh5YTU47-b1rVFQ7ubhWxpG5E&sz=s4000,DE1871N8272-64,Germany,Kingdom of Prussia (1701-1918),Wilhelm I (1861-1888),1871,1 Silbergroschen,Frankfurt am Main,,,,Billon (.220 silver),2.196,18.5,WILHELM KOENIG VON PREUSSEN,30 EINEN THALER 1 ꟾ SILBER ꟾ GROSCHEN ꟾ 1871 ꟾ C SCHEIDE MÜNZE,,,
image/png,DE1918N26667-61,https://drive.google.com/thumbnail?id=1DzXrX2uQ5riSR7bPRbw-vbdsbFr6NX2r&sz=s4000,DE1918N26667-61,Germany,Municipality of Trossingen,Notgeld (1914-1924),1918,10 Pfennig,"Jörgum & Trefz, Frankfurt am Main",,,"60,000",Zinc,1.7,20.3,GEMEINDE TROSSINGEN ⦿ 1918 ⦿,KRIEGSNOTGELD 10 ● PFENNIG ●,9/30/2021,eBay seller: zero29zero,Purchased for $5.99
image/png,GB-C1788N23775-62,https://drive.google.com/thumbnail?id=1KV094PJd9UqBd9tACrKeAcaN8ggpFIQL&sz=s4000,GB-C1788N23775-62,British Colonies,Colony of Barbados,George III (1760-1820),1788,1 Penny (Token),London,,,"200,000",Copper,13.38,32,I·SERVE,BARBADOES · PENNY · 1788 ·,2/28/2021,eBay seller: dees2011,
image/png,NZ1933N4019-60,https://drive.google.com/thumbnail?id=1LiTZM5XtYV_UYpKE-6ul7LOoknnGPW13&sz=s4000,NZ1933N4019-60,New Zealand,Dominion of New Zealand (1907-1947),George V (1910-1936),1933,3 Pence,London,,,"600,000",Silver (.500),1.41,16.3,GEORGE V KING EMPEROR,NEW·ZEALAND 3d ·1933·,,"Wayne Miller Coins, Helena, MT",
image/png,CN1928N30853-68,https://drive.google.com/thumbnail?id=1MVF44z1zCo-RXNE5AbdA_6DKV8Xj5A9u&sz=s4000,CN1928N30853-68,China,Honan Province,Republic of China,1928,100 Cash,,,,,Copper,,40,國民華中 元銅文百當,HO-NAN 100 CASH,,"Wayne Miller Coins, Helena, MT",
image/png,DE1936N5218-74,https://drive.google.com/thumbnail?id=1QPfAJI_9VUprA2_Lf7BKlRIqysfksXNP&sz=s4000,DE1936N5218-74,Germany,Nazi Germany (1933-1945),,1936,5 Reichsmark,Berlin,,,"8,429,999",Silver (.900),13.88,29,5 Reichsmark Deutsches Reich 1936,1847-1934 A Paul von Hindenburg,,"Wayne Miller Coins, Helena, MT",
image/png,ES12xxN131614-75,https://drive.google.com/thumbnail?id=1PxJW81QTj6PnOFI_V4jNtcOHmZKP9_nq&sz=s4000,ES12xxN131614-75,Spain,Kingdom of Castile and León,Alfonso X (1252-1284),1277-1284,1 Dinero,Cuenca,,,,Billon,0.9,18,MONETA CASTELLE,ET LEGIONIS,12/5/2020,eBay seller: holdinghistory,Purchased for $7.50
image/png,ES15xxN92464-73,https://drive.google.com/thumbnail?id=1sTirE997MRJEmH-m59zBvcgwmF-4Bei2&sz=s4000,ES15xxN92464-73,Spain,Kingdom of Valencia,Carlos I (1516-1556),1516-1566,1 Dinero,,,,,Billon,1,15,,,4/24/2021,eBay seller: holdinghistory,Purchased for $7.00
image/png,FR1552N8555-72,https://drive.google.com/thumbnail?id=1d0WkbxTKe6CPkUASlRNVhLgcPQqKeTSj&sz=s4000,FR1552N8555-72,France,Kingdom of France,Henry II (1547-1559),1552,1 Douzain,Troyes,,,"440,640",Billon (silver .292),2.682,24.5,+ HENRICVS. 2. DEI. G. FRANCORV. REX,+ HENRICVS. 2. DEI. G. FRANCORV. REX E,10/3/2020,eBay seller: holding_history,Purchased for $11.27
image/png,GB1855N4721-69,https://drive.google.com/thumbnail?id=1I0hSVNbREp5PUTN515yxrtFG2DTVC1YY&sz=s4000,GB1855N4721-69,United Kingdom,United Kingdom of Great Britain and Ireland,Victoria (1837-1901),1855,1 Penny,London,,,"5,273,800",Copper,18.9,34,VICTORIA DEI GRATIA 1855,BRITANNIAR: REG FID: DEF:,10/23/2020,eBay seller: holding_history,Purchased for $6.00
image/png,IT1809N7099-66,https://drive.google.com/thumbnail?id=1c6q4VZHaopHOY9jJdKxUrjVl6G6UAQ9m&sz=s4000,IT1809N7099-66,Italy,Kingdom of Italy (Napoleonic) (1805-1814),Napoleon I (1805-1814),1809,1 Centesimo,Bologna,,,"4,413,000",Copper,2.1,19,NAPOLEONE IMPERATORE E RE 1809,REGNO D'ITALIA CENTESIMO B,,eBay seller - Unknown,
image/png,VALK2012Nx-71,https://drive.google.com/thumbnail?id=1AjnT7zu31ilD20g3emn8G_0ftv8pIH4x&sz=s4000,VALK2012Nx-71,Valkereyes,Diarchy of Valkereyes (2011-2012),Tristanius I (2005-2013) & Aidan I (2011-2012),2012,50 Cents,Valkereyes City,,,1,,,,V 2012,VC 50 Cents,,,
image/png,BR1880N3879-82,https://drive.google.com/thumbnail?id=1WrL-qfRW2s64TdVJCLUtD7TXuN-9wEMp&sz=s4000,BR1880N3879-82,Brazil,Empire of Brazil (1822-1889),Pedro II (1831-1889),1880,200 Réis,,,,,Copper-Nickel,15,32,IMPERIO DO BRAZIL 1880,DECRETO N°1817 DE 3 DE SETEMBRO DE 1870 200 RÉIS,,"Wayne Miller Coins, Helena, MT",
image/png,DE1629N67053-78,https://drive.google.com/thumbnail?id=1lpFdK75PcZjexOboDyNxWXBrlBFPCCFk&sz=s4000,DE1629N67053-78,Germany,Brandenburg Prussia (1618-1701),Georg Wilhelm (1619-1640),1629,1 Solidus,,,,"8,586,150",Silver,0.5,16,GEORG.WILH.MAR.BR.S.R.I.EL.,SOLIDVS.PR VSSIAE,,eBay,
image/png,DE174xN242875-79,https://drive.google.com/thumbnail?id=1tUu4HJZUyT3CsHYHbF0UmEU_Wk6xvqtv&sz=s4000,DE174xN242875-79,Germany,Electorate of Trier (898-1801),Franz Georg von Schönborn,1746-1749,1/2 Petermenger,,,,,Billon,0.4,14.8,DF,1/2 PETER MENGEN 174X,,eBay,
image/png,DE1778N18125-81,https://drive.google.com/thumbnail?id=1VQ59_IDq3iOu-yUPQr5K4xgeNxsxooC0&sz=s4000,DE1778N18125-81,Germany,Kingdom of Prussia (1701-1918),Friedrich II (1740-1786),1778,1/48 Thaler,Berlin,,,"65,413,000",Billon (.250 Silver),1.4,18.5,FR A,✶48✶ EINEN THALER 1778,,eBay,
image/png,DE1786N92077-80,https://drive.google.com/thumbnail?id=1EJU8LargvlnuFvj33cHhL-910oiYd7GY&sz=s4000,DE1786N92077-80,Germany,Kingdom of Prussia (1701-1918),Friedrich II (1740-1786),1786,3 Gröscher,Königsberg,,,"754,575",Silver,1.7,18.5,FRIDERICUS BORUSSORUM REX,MONETA ARGENT 3 gr: 17 E 86,,eBay,
image/png,ES1662N46040-89,https://drive.google.com/thumbnail?id=1xt1VBcIzxfi5YppM0oGLwOcqNmg16Uls&sz=s4000,ES1662N46040-89,Spain,Habsburg Spain (1516-1700),Felipe IV (1621-1665),1662,8 Maravedis,Madrid,,,,Copper,6.6,23,PHILIPPUS.IIII.D.G,HISPANIARUM REX 1662 Y VIII MD,1/30/2021,eBay seller: holding_history,
image/png,GB-COL1899N11570-87,https://drive.google.com/thumbnail?id=1k7oyqITKT-qLWt1WUAaK6pl0Je0BsQzp&sz=s4000,GB-COL1899N11570-87,British Colonies,Straits Settlements (1826-1946),Victoria (1837-1901),1899,10 Cents,London,,,"286,000",Silver (.800),2.71,18,VICTORIA QUEEN,STRAITS SETTLEMENTS 10 ·TEN CENTS 1899·,,"Wayne Miller Coins, Helena, MT",
image/png,GB118xN274368-77,https://drive.google.com/thumbnail?id=1uA3PqReNMXXzDRsXYLfLWd6zMhAuV0Wj&sz=s4000,GB118xN274368-77,United Kingdom,Kingdom of England (927-1707),Henry II (1154-1189),1180-1189,1/2 Penny,London,,,,Silver,0.7,19.9,hЄNRICVS • RЄX,+OSBER•ON•LVND,9/26/2020,eBay Seller: holding_history,purchased for $30.57
image/png,IR1944N22438-85,https://drive.google.com/thumbnail?id=1DjFsv4u0GTAOZogwmBWHS3XXIX_gypRp&sz=s4000,IR1944N22438-85,Iran,Imperial State of Iran (1925-1979),Mohammed Rezā Pahlavī (1941-1979),1944,2 Rials,,,,,Silver (.600),3.2,22,Muhammad Reza Shah Pahlavi over denomination,,,"Wayne Miller Coins, Helena, MT",dated 1323
image/png,ROM2xxN279200-97,https://drive.google.com/thumbnail?id=1mL-HDa15sg-c3j1RMvzooelYjvL8O67A&sz=s4000,ROM2xxN279200-97,Ancient Rome,Roman Empire (27BC-395AD),Severus Alexander (222-235),228-231,Denarius,Rome,,,,Silver,3.1,18.5,IMP SEV ALEXAND AVG,ABVNDANTIA AVG,5/21/2022,eBay Seller: holding_history,Purchased for $42.50
image/png,CL1853N10638-106,https://drive.google.com/thumbnail?id=1N_7y5TQnmfCCHwohwyN-_Mo3pTx_S0Wv&sz=s4000,CL1853N10638-106,Chile,Conservative Republic (1826-1861),,1853,1 Centavo,,,,"2,660,000",Copper,10,29,REPUBLICA DE CHILE ·1853·,ECONOMIA ES RIQEZA UN CENTAVO,,"Wayne Miller Coins, Helena, MT",
image/png,CN1920N9379-108,https://drive.google.com/thumbnail?id=1x8GQN-9FmhOeRw-Mb8BPoLmb71lGHvWc&sz=s4000,CN1920N9379-108,China,Beiyang Government (1912-1928),,1920,10 Cash,,,,,Copper,6.8,29,國民華中 幣念紀國開,THE REPUBLIC OF CHINA 十 文 TEN CASH,,"Wayne Miller Coins, Helena, MT",
image/png,CN1991N23608-114,https://drive.google.com/thumbnail?id=1uo5CJfx92NbCy_k6gPA-gBPFneq-G811&sz=s4000,CN1991N23608-114,China,People's Republic of China (1949-Present),,1991,1 Yuan,,,,"30,000,000",Nickel plated steel,5.88,25,中华人民共和国 1991,中华共产党成立七十周年 第十一届三中全会 <1978> 壹圆,,"Wayne Miller Coins, Helena, MT",
image/png,DE1723N140848-113,https://drive.google.com/thumbnail?id=1Fb4WfPjaDKki6ePD7pGdQo8qWaOfpU4g&sz=s4000,DE1723N140848-113,Germany,Landgraviate of Hesse-Darmstadt,Ernest Ludwig (1678-1739),1723,1 Kreuzer,,,,,Silver,0.55,14,H.D,I KREU TZER 1723 B.I.B,,eBay seller unknown,
image/png,DE1876N19823-92,https://drive.google.com/thumbnail?id=1XtscpJGsVR0hZMGrUTkOdr_O_ZOYoMFS&sz=s4000,DE1876N19823-92,Germany,Kingdom of Prussia (1701-1918),Wilhelm I (1861-1888),1876,5 Mark,Berlin,,,"2,041,407",Silver (.900),27.777,2.72,WILHELM DEUTSCHER KAISER KÖNIG V. PREUSSEN A,DEUTSCHES REICH 1876 * FÜNF MARK *,11/7/2022,eBay seller: ufomechanix,
image/png,DE1913N4714-93,https://drive.google.com/thumbnail?id=1hBcMvyrd7NP_7tiT5Z13Tb3rrKYkbc6y&sz=s4000,DE1913N4714-93,Germany,Kingdom of Prussia (1701-1918),Wilhelm II (1888-1918),1913,5 Mark,Berlin,,,"1,960,000",Silver (.900),27.77,38,WILHELM II DEUTSCHER KAISER KÖNIG VON PREUSSEN A,DEUTSCHES REICH 1913 * FÜNF MARK *,4/4/2022,eBay seller: jmmyatt49,Purchased for $29.99
image/png,DE1948N3420-99.html,https://drive.google.com/thumbnail?id=1R91fu2WgZgAATVAoEuzukHer7DBXtlwn&sz=s4000,DE1948N3420-99.html,Germany,German Democratic Republic (1949-1990),,1948,10 Pfennig,Berlin,,,"216,537,385",Aluminium,1.5,21,1948,DEUTSCHLAND 10 PFENNIG A,,"Wayne Miller Coins, Helena, MT",
image/png,ES1820N14870-111,https://drive.google.com/thumbnail?id=1-cMaGK1NtYDphA4WGkxvCnh32M0nDj3p&sz=s4000,ES1820N14870-111,Spain,Kingdom of Spain (1813-1873),Ferdinand VII (1808-1833),1820,8 Maravedis,Jubia,,,,Copper,10,29,FERDIN.VII.D.G.HISP.REX J 8 · 1820 ·,,,"Wayne Miller Coins, Helena, MT",
image/png,AT1676N34748-129,https://drive.google.com/thumbnail?id=1AMl60CYDqehu60RoQus-Y9GmyLdoQVuF&sz=s4000,AT1676N34748-129,Austria,Archduchy of Austria,Leopold I (1657-1705),1676,15 Kreuzer,Vienna,,,,Silver,6.09,28,LEOPOLDVS.D.G.R.I.S. (XV) A.G.H.B.REX.,.64. ARCHI.D.AVS  DVX.B.CO.TVR. 16,11/30/2022,eBay seller: order20166,"rosette variant, split in twain"
image/png,CO1902N20778-122,https://drive.google.com/thumbnail?id=1DyudAjS0BbG-ZuGPQ2ylv84T23nJrPIn&sz=s4000,CO1902N20778-122,Colombia,Republic of Colombia (1886-Present),,1902,5 Centavos,Philadelphia,,,"400,000",Silver (.666),1.25,14,REPUBLICA DE COLOMBIA LIBERTAD 1902,GRAM. 1.250 · LEI 0.666 5 CENT.,,"Wayne Miller Coins, Helena, MT",
image/png,DE1718Nx-137,https://drive.google.com/thumbnail?id=1-E6RWyqZmjzaVh2fPg6opq_DWCiWibyI&sz=s4000,DE1718Nx-137,Germany,Electorate of Brunswick-Lüneburg,George I Louis (1698-1727),1718,1/24 Thaler,,,,,Billon,1.36,19,GR HCB,24 EINEN THAL: 1733 *K.GR.BRIT.UND.C.F.BR.LUN.LAND.M,2021,eBay seller: sloveniacoins,
image/png,DE1774N27222-133.html,https://drive.google.com/thumbnail?id=1bYg7IE7qlGAHYlcc1ptC89Tkc4x0_3gD&sz=s4000,DE1774N27222-133.html,Germany,Kingdom of Prussia (1701-1918),Friedrich II (1740-1786),1774,1/3 Reichsthaler,Königsberg,,,,Silver (.666),8.352,30.3,FRIDERICUS BORUSSORUM REX,✿ 3 ✿ ꟾ EINEN ꟾ REICHS ꟾ THALER ꟾ 1774 ꟾ *E*,2/18/2023,eBay seller: j_1120,
image/png,DE1797N19271-134,https://drive.google.com/thumbnail?id=1w-Pk8_hqocIIOCwSxxVUa0PihpVixuEe&sz=s4000,DE1797N19271-134,Germany,Kingdom of Prussia (1701-1918),Friedrich Wilhelm II (1786-1797),1797,4 Groschen,Berlin,,,"2,939,087",Silver (.521),5.345,26,FRIDERICUS WILHELM. BORUSS.REX.,84 EX MARCA PURA COLON 17 = 97 4. GR. ꟾ A,2/18/2023,eBay seller: j_1120,
image/png,DE1824N47566-138,https://drive.google.com/thumbnail?id=1Ah5ZIWWnOKaOrjwpWPZdiTMvzgCCqtOM&sz=s4000,DE1824N47566-138,Germany,Kingdom of Württemberg (1805-1918),Wilhelm I (1816-1864),1824,3 Kreuzer,,,,,Silver (.333),1.35,18,WILHELM KÖN.V.WÜRTTEMB. W 1824.,SCHEIDE MÜNZE 3.K.,2021,eBay seller: sloveniacoins,
image/png,DE1847N20384-140,https://drive.google.com/thumbnail?id=1T7xbkgN-XvJAywm1X3amfMikH3-aInEE&sz=s4000,DE1847N20384-140,Germany,Kingdom of Württemberg (1806-1918),Wilhelm I (1816-1864),1847,1/2 Kreuzer,,,,"452,000",Copper,1.9,18,,1/2 KREUZER 1847,,"Cayuga Coins, Ithaca, NY",
image/png,DE1849N32591-136,https://drive.google.com/thumbnail?id=1xuL1JjXLC17v0-JQEKGVwIEoYv6RZUFh&sz=s4000,DE1849N32591-136,Germany,Kingdom of Hannover (1814-1866),Ernst August (1837-1851),1849,1/12 Thaler,Hannover,,,,Silver (.520),2.67,19.5,ERNST AUGUST KOENIG V.HANNOVER B,CLXVIII EINE FEINE MARK 12 EINEN THALER 1849 JUSTIRT,,"Cayuga Coins, Ithaca, NY",
image/png,DE1853N18827-135,https://drive.google.com/thumbnail?id=1RWbLgE-wcQOviFqTfQoo_n9_mkSwGJmy&sz=s4000,DE1853N18827-135,Germany,Kingdom of Hannover (1814-1866),George V (1851-1866),1853,1/12 Thaler,Hannover,,,,Silver (.520),2.67,20.5,GEORG V v. G. G. KOENIG v. HANNOVER B,CLXVIII EINE FEINE MARK 12 EINEN THALER 1853 JUSTIRT,2/18/2023,eBay seller: j_1120,
image/png,DE1917N43646-139,https://drive.google.com/thumbnail?id=12hq0UicjtanW4e8Gq-aseTUXkAd_tXec&sz=s4000,DE1917N43646-139,Germany,Frankfurt an der Oder,Notgeld (1914-1924),1917,10 Pfennig,"L. Chr. Lauer, Nürnberg",,,"300,000",Zinc,1.7,20.1,HAUPT und HANDELSSTADT ● FRANKFURT a.ODER ●,KRIEGSGELD 10 1917,,"Wayne Miller Coins, Helena, MT",
image/png,ES-C1798N17234-125,https://drive.google.com/thumbnail?id=1SLW_v1tmK1-XP_Q9SXO6V7qWWaPO0DnG&sz=s4000,ES-C1798N17234-125,Spanish Colonies,Captaincy General of Guatemala (1609-1821),Charles IV (1788-1808),1798,2 Reales,Guatemala City,,,,Silver (.896),6.7667,27.1,CAROLUS • IIII • DEI • GRATIA • 1798 •,• HISPAN • ET IND • REX • NG • 2R • M •,,"Wayne Miller Coins, Helena, MT",
image/png,ES1776N14865-121,https://drive.google.com/thumbnail?id=1Apw8fFuoDM1t398WCTZlr1yTa1scJs3v&sz=s4000,ES1776N14865-121,Spain,Bourbon Spain (1700-1808),Charles III (1759-1788),1776,2 Reales,Madrid,,,,Silver (.813),6,26,CAROLUS III·DEI·G· ·1776·,HISPANIARUM·REX· R 2 M PJ,,"Wayne Miller Coins, Helena, MT",
image/png,ES1870N2735-109,https://drive.google.com/thumbnail?id=1qwYUVL7-QvYMTUCYNFaB0g0n99voYVCy&sz=s4000,ES1870N2735-109,Spain,Provisional Government of Spain (1868-1871),,1870,10 Centimos,Madrid,,,"170,088,000",Bronze,10,30,DIEZ GRAMOS L·MARCHIONNI 1870,CIEN PIEZAS EN KILOG· OM DIEZ CENTIMOS,,"Wayne Miller Coins, Helena, MT",
image/png,FR-C1885N3311-110,https://drive.google.com/thumbnail?id=1DjS-LhV4HPDTWoI2Er42vexbkPZi1LfT&sz=s4000,FR-C1885N3311-110,French Colonies,French Indochina,Third Republic (1870-1940),1885,1 Cent,Paris,,,"3,673,190",Bronze,10,31,REPUBLIQUE FRANÇAISE A A.B 1885,INDO-CHINE FRANÇAISE 百 1 分 C 之 一 · POIDS 10 GR ·,,"Wayne Miller Coins, Helena, MT",
image/png,FR1791N26418-112,https://drive.google.com/thumbnail?id=1qabXbOf5UvsDqJUPu2wheeOTtu7ufezR&sz=s4000,FR1791N26418-112,France,First Republic (1792-1804),,1791,2 Sols,"Monneron Brothers, Paris",,,,Bronze,17.95,32,LIBERTE SOUS LA LOI L'AN III DE LA LIBERTE.,· MONNERON FRERES NEGOCIANS A PARIS MEDAILLE / DE CONFIANCE / DE DEUX SOLS A / ECHANGER CONTRE / DES ASSIGNATS DE / 50L. ET AU DESSUS / 1791,,"Wayne Miller Coins, Helena, MT",
image/png,GB-C1899N5657-103,https://drive.google.com/thumbnail?id=1h9YY-HyzED2XR0SFxPt-mOHO0WlIM3jD&sz=s4000,GB-C1899N5657-103,British Colonies,British Hong Kong (1841-1997),Victoria (1842-1901),1899,1 Cent,Birmingham,,,"1,000,000",Bronze,7.53,27.5,VICTORIA QUEEN,.HONG-KONG. 香 仙一 港 ONE CENT 1899,,"Wayne Miller Coins, Helena, MT",
image/png,GB-C1922N2865-105,https://drive.google.com/thumbnail?id=1bzFu6B2nMlQNoMzfLF8CwsVACrpbmU6y&sz=s4000,GB-C1922N2865-105,British Colonies,Colony and Protectorate of Kenya (1920-1963),George V (1910-1936),1922,1 Shilling,London,,,"18,858,000",Billon (.250 silver),7.78,27.8,GEORGIVS V REX ET IND:IMP: B.M.,EAST AFRICA 1 SHILLING 1922,,"Wayne Miller Coins, Helena, MT",
image/png,GB-C1941N1616-130,https://drive.google.com/thumbnail?id=16-BGZrSbPMvLjXNcKk2jek7EVspUCuxh&sz=s4000,GB-C1941N1616-130,British Colonies,Mandatory Palestine,,1941,2 Mils,London,,,"1,600,000",Bronze,7.8,28,"فلسطين PALESTINE (פלשתינה (א""י 1941 ١٩٤٥",מילים · TWO MILS · ملان 2 ٢,,"Wayne Miller Coins, Helena, MT",
image/png,GB-C1941N1616-130,https://drive.google.com/thumbnail?id=15OUhnRTGdZvFrbojkJXEvs6nAHwb-Irs&sz=s4000,GB-C1941N1616-130,British Colonies,British Raj,George VI (1936-1952),1941,2 Annas,Calcutta,,,"63,456,000",Copper-nickel,5.84,25,GEORGE VI KING EMPEROR,دو آن दो आना দুই মানা 2 ANNAS INDIA 1941 రెండుఅణాఒ,,"Wayne Miller Coins, Helena, MT",
image/png,GB1794N61698-100,https://drive.google.com/thumbnail?id=11z7sqG8ImU6oBRS8eJhTF8UWhpjFo5Uj&sz=s4000,GB1794N61698-100,United Kingdom,Kingdom of Great Britain,George III (1760-1820),1794,1/2 Penny (Token),Suffolk,,,,Copper,9,29,BUNGAY HALFPENNY BIGOD'S CASTLE,FOR CHANGE NOT FRAUD 1794,10/17/2020,eBay seller: holding_history,Purchased for $15.00
image/png,HU11XXN33692-131,https://drive.google.com/thumbnail?id=16aRz1dlSMXHltZx0rC_Z96s_Xr4w7u7X&sz=s4000,HU11XXN33692-131,Hungary,Kingdom of Hungary,Béla III (1172-1196),1172-1196,1 Denár,,,,,Copper,2.91,27,REX BELA REX STS,SANCTA MARIA,11/30/2022,eBay seller: order20166,
image/png,PL1662N168265-96,https://drive.google.com/thumbnail?id=1Br9oj4ncqsz71m25Zf4iPjiDM2v7xi5Z&sz=s4000,PL1662N168265-96,Poland,Kingdom of Poland and the Grand Duchy of Lithuania,John II Casimir Vasa (1649-1668),1662,6 Groszy,Kraków,,,,Billon (.375 silver),3.45,24.9,IOAN CASIM DG (_) REX POL & SVE,GROS ARGE SEX REG POL 1662 VI AT,11/06/2022,eBay seller: ufomechanix,Purchased for $18.27
image/png,AT1627N78545-169,https://drive.google.com/thumbnail?id=1gHiXraHVVNyAW8lz_G7XMzgUd-u3HmJG&sz=s4000,AT1627N78545-169,Austria,Archduchy of Austria,Ferdinand II (1619-1637),1627,3 Kreuzer,Graz,,,,Silver (.500),,,FERDI II D G R (3) I S A G H B REX ou D G (3) R I,ARCH AVS DVX BVR STYRIA 1627,11.30.2022,eBay seller: order20166,
image/png,AT1816N18150-168,https://drive.google.com/thumbnail?id=1tqfYzD0HYciaCw9E6WGhyGdKPWAiemV6&sz=s4000,AT1816N18150-168,Austria,Empire of Austria (1804-1867),Francis I (1804-1835),1816,1/4 Kreuzer,Smolník,,,,Copper,2.19,19.4,K·K·OESTERREICHISCHE SCHEIDEMÜNZE·,1 / 4 KREUZER 1816 S,,"Hallenbeck Coin Gallery, Colorado Springs, CO",Minted with 1816 date until 1852
image/png,BR1818N18308-180,https://drive.google.com/thumbnail?id=1lSyrHg1o-7mlmPgnWZMkru8n7MYJsQOA&sz=s4000,BR1818N18308-180,Brazil,Kingdom of Brazil (1815-1822),João VI (1816-1822),1818,Ten Réis,Rio de Janeiro,,,"496,000",Copper,3.83,24.9,X ·1818· ·R· JOANNES·VI·D·G·PORT·BRAS·ET·ALG·REX·,PECUNIA·TOTUM CIRCUMIT·ORBEM,,"Wayne Miller Coins, Helena, MT",
image/png,CA1918N313-209,https://drive.google.com/thumbnail?id=15uGBY_YzJ3CFQfQUWejlcc3oWQNkwd3L&sz=s4000,CA1918N313-209,Canada,Dominion of Canada,George V (1910-1936),1918,50 Cents,Ottawa,,,"854,989",Silver (.925),11.62,29.72,GEORGIVS V DEI GRA: REX ET IND:IMP:,50 CENTS CANADA 1918,,"Wayne Miller Coins, Helena, MT",
image/png,CL1966N2949-201,https://drive.google.com/thumbnail?id=1fhzplX2cAReKA8OV1TvINgBkFm81Mybr&sz=s4000,CL1966N2949-201,Chile,Presidential Republic (1925-1973),,1966,5 Centésimos,Santiago,,,"32,360,000",Aluminium Bronze,4,23,REPUBLICA DE CHILE,Eº 5 CENTESIMOS 1969 So,,"Wayne Miller Coins, Helena, MT",
image/png,CN1920N21973-183,https://drive.google.com/thumbnail?id=1fm9GIi_bz56bacenqlWYmnj8i9mpbarQ&sz=s4000,CN1920N21973-183,China,Beiyang Government (1912-1928),,1920,10 Cash,,,,,Copper,6.8,29,國民華中 元銅十當,THE REPUBLIC OF CHINA TEN CASH,,"Wayne Miller Coins, Helena, MT",
image/png,DE1624Nx-191,https://drive.google.com/thumbnail?id=1TFeDB1NshnqIvD2kRUFke4-uEwn2Q9KH&sz=s4000,DE1624Nx-191,Germany,County of Hanau-Lichtenberg (1456/80-1736),Johann Reinhard I (1599-1625),1624,1 Kreuzer,,,,,Billon,,,IO REIN COM IN HANAW 1624,I KREIZER,,eBay,
image/png,DE1773N125205-166,https://drive.google.com/thumbnail?id=1mwA5beOwslF0k9cXF-zqAFKbB7wwg3TY&sz=s4000,DE1773N125205-166,Germany,Kingdom of Prussia,Friedrich II (1740-1786),1773,2 Gröscher,Königsberg,,,"4,815,975",Billon,1.54,19,FRIDERIC: BORUSS: REX ★ E ★,✿ II ✿ ꟾ GROSSUS ꟾ REGNI ꟾ PRUSS ꟾ 1773,,eBay,
image/png,DE1778N19425-153.html,https://drive.google.com/thumbnail?id=1LtYYLyrNsNHCRf6KOIbV5MmB3XrcZb5Q&sz=s4000,DE1778N19425-153.html,Germany,Principality of Brunswick-Wolfenbüttel,Charles I (1735-1780),1778,1 Pfenning,,,,,Copper,3.05,20.5,LCR,*I* PFENNING SCHEIDE MUNTZ 1778,3/26/2023,"Inland Empire Coin Show, Coeur d'Alene, ID",purchased for $10.00
image/png,DE1803N15632-147,https://drive.google.com/thumbnail?id=1VKbtoDTGiCbzw_Ry2Qtxvh6q9zhfbH7q&sz=s4000,DE1803N15632-147,Germany,Principality of Brunswick-Wolfenbüttel,Charles II William Ferdinand (1780-1806),1803,1 Mariengroschen,,,,,Silver,1.5,18,CAROLVS WILH FERD D G DUX BR ET L,DIV EINE FEINE MARK CONVENT M 1 MARIEN GROSCHEN 1803,,eBay,
image/png,DE1805N15622-161,https://drive.google.com/thumbnail?id=1mWplDt19hWyRlCOF4BshlVE2MpQB_-H_&sz=s4000,DE1805N15622-161,Germany,Kingdom of Prussia,Friedrich Wilhelm III (1797-1840),1805,4 Groschen,Berlin,,,,Silver (.521),5.345,26,FRIDERICUS WILHELM. III BORUSS.REX,PURA COLON. 84 EX MARCA 18 05 4.GR. A,2/18/23,eBay seller: j_1120,
image/png,DE1812N10906-155,https://drive.google.com/thumbnail?id=1RI8eJLkj2ta6VstYv0SCmlOOz3tI6guu&sz=s4000,DE1812N10906-155,Germany,Kingdom of Prussia,Friedrich Wilhelm III (1797-1840),1812,1/6 Reichsthaler,Berlin,,,"19,570,380",Silver (.52083),5.345,25,FRIEDR·WILHELM III KŒNIG VON PREUSSEN,VIER UND ACHTZIG EINE FEINE MARK 6 ꟾ EINEN ꟾ REICHS ꟾ THALER ꟾ 1812 ꟾ A,2/18/23,eBay seller: j_1120,
image/png,DE1812N10906-156.html,https://drive.google.com/thumbnail?id=1hzHGVcYxGjLQ9WK8rVR9hB0KgGo0foj6&sz=s4000,DE1812N10906-156.html,Germany,Kingdom of Prussia,Friedrich Wilhelm III (1797-1840),1812,1/6 Reichsthaler,Berlin,,,"19,570,380",Silver (.52083),5.345,25,FRIEDR·WILHELM III KŒNIG VON PREUSSEN,VIER UND ACHTZIG EINE FEINE MARK 6 ꟾ EINEN ꟾ REICHS ꟾ THALER ꟾ 1812 ꟾ A,2/18/23,eBay seller: j_1120,
image/png,DE1812N10906-157,https://drive.google.com/thumbnail?id=1tW-GEOsmvw-Qq2gv9NjI1GsBycsmbBdX&sz=s4000,DE1812N10906-157,Germany,Kingdom of Prussia,Friedrich Wilhelm III (1797-1840),1812,1/6 Reichsthaler,Berlin,,,"19,570,380",Silver (.52083),5.345,25,FRIEDR·WILHELM III KŒNIG VON PREUSSEN,VIER UND ACHTZIG EINE FEINE MARK 6 ꟾ EINEN ꟾ REICHS ꟾ THALER ꟾ 1812 ꟾ A,,"Wayne Miller Coins, Helena, MT",
image/png,DE1812N10906-158,https://drive.google.com/thumbnail?id=1--P8HEN0UwIYaNoAkKeKSXrzmDDalPzN&sz=s4000,DE1812N10906-158,Germany,Kingdom of Prussia,Friedrich Wilhelm III (1797-1840),1812,1/6 Reichsthaler,Berlin,,,"19,570,380",Silver (.52083),5.345,25,FRIEDR·WILHELM III KŒNIG VON PREUSSEN,VIER UND ACHTZIG EINE FEINE MARK 6 ꟾ EINEN ꟾ REICHS ꟾ THALER ꟾ 1812 ꟾ A,2/18/23,eBay seller: j_1120,
image/png,DE1812N10906-159,https://drive.google.com/thumbnail?id=134KDexxQjfCk0Ww3bcgi_sfL8vYmFsFW&sz=s4000,DE1812N10906-159,Germany,Kingdom of Prussia,Friedrich Wilhelm III (1797-1840),1812,1/6 Reichsthaler,Berlin,,,"19,570,380",Silver (.52083),5.345,25,FRIEDR·WILHELM III KŒNIG VON PREUSSEN,VIER UND ACHTZIG EINE FEINE MARK 6 ꟾ EINEN ꟾ REICHS ꟾ THALER ꟾ 1812 ꟾ A,,"Wayne Miller Coins, Helena, MT",
image/png,DE1812N10906-160,https://drive.google.com/thumbnail?id=1ya7s6NH4V0F4ryxmM4Ir-HVjmI2PVKha&sz=s4000,DE1812N10906-160,Germany,Kingdom of Prussia,Friedrich Wilhelm III (1797-1840),1812,1/6 Reichsthaler,Berlin,,,"19,570,380",Silver (.52083),5.345,25,FRIEDR·WILHELM III KŒNIG VON PREUSSEN,VIER UND ACHTZIG EINE FEINE MARK 6 ꟾ EINEN ꟾ REICHS ꟾ THALER ꟾ 1812 ꟾ A,,"Cayuga Coins, Ithaca, NY",
image/png,FR11xxN36750-212,https://drive.google.com/thumbnail?id=1S7hGBXnWppRj11dHvm61kbOOXx2ws_uH&sz=s4000,FR11xxN36750-212,France,County of Anjou,Fulk V (1109-1129),1109-1199,Denier,Angers,,,,Billon,1.09,19,FVLCO COMES,VRBS AIDCCSV,,Gift from A. Anderlik,"NGC verified (but misattributed) #6498959-018 VF25

Bd# 153 ; PA# 1509"
image/png,FR1xxxN54274-199,https://drive.google.com/thumbnail?id=1solWb4lhDqag3L1i4MNEfE4ey9Ee_Hk2&sz=s4000,FR1xxxN54274-199,France,Abbey of Saint-Martin de Tours,,1100-1200,Denier,Tours,,,,Billon,0.8,20,SCS MARTINVS,✠ TVRONVS CIVI,,"Wayne Miller Coins, Helena, MT",
image/png,AT1780N20710-226,https://drive.google.com/thumbnail?id=1YCOevkeA8yDzb72E2QxnVoTPjLT5DpdZ&sz=s4000,AT1780N20710-226,Austria,Archduchy of Austria,Maria Theresa (1740-1780),1780,1 Kreuzer,,,,,Copper,6.8,24.3,M THERESIA D G R I HU BO R A A,EIN KREUTZER 1780.,,eBay,
image/png,CR1849N8747-227,https://drive.google.com/thumbnail?id=1ZmkexQivBlLP8fsKoILQzNMSfaIGkC6H&sz=s4000,CR1849N8747-227,Costa Rica,First Republic of Costa Rica,,1849,1 Real,San José,,,"234,426",Silver (.750),2.9,20,AMERICA CENTRAL J • B • 9 • D •,REPUBLICA DE COSTA-RICA 1 • R • • 1849 •,,"Wayne Miller Coins, Helena, MT",die doubling on date
image/png,DE1740N89156-232,https://drive.google.com/thumbnail?id=1NQ9uyS7pn4R6hf3zDZKcEKYw1a3HZxnv&sz=s4000,DE1740N89156-232,Germany,Landgraviate of Hesse-Kassel,Frederick I (1730-1751),1740,4 Heller,,,,,Billon,0.6,14,,IIII HELLER 1740,,eBay seller: sloveniacoins,
image/png,DE1768N29001-234,https://drive.google.com/thumbnail?id=1LhwNHVdVXMQwo1lt5KCvi-LzJAHSaimw&sz=s4000,DE1768N29001-234,Germany,Free Hanseatic City of Hamburg,,1768,1 Schilling,Hamburg,,,,Billon (.375 Silver),1.08,17,* HAMBURGER,* I * SCHIL LING. 1768 0•H•K,,eBay,
image/png,DE1808N106729-219,https://drive.google.com/thumbnail?id=1WKdtfhWS5GL9eQ0LSgzP0vs1RDx460fE&sz=s4000,DE1808N106729-219,Germany,Duchy of Saxe-Coburg-Saalfeld,Ernest I (1806-1826),1808,6 Pfennig,,,,,Billon (.229 Silver),1.299,,E,H. S. C. S. 6 // PFENNIG // 1808 LAND MÜNZE,,eBay,
image/png,DE180xN103227-238,https://drive.google.com/thumbnail?id=1P7qf9C2FnTEJk8FLzdnFhhlwm43wCe8D&sz=s4000,DE180xN103227-238,Germany,Electorate of Bavaria,Maximilian IV Joseph (1799-1806),1804-1805,3 Kreuzer,,,,,Billon (.333 Silver),1.39,19.5,MAX. IOS. C.Z.P.B,LAND MÜNZ 3 K.,,eBay,
image/png,DE1816N10906-154,https://drive.google.com/thumbnail?id=1bnzxVIyqVfUXqXiENo6dkzFYQ3k4WaZs&sz=s4000,DE1816N10906-154,Germany,Kingdom of Prussia,Friedrich Wilhelm III (1797-1840),1816,1/6 Reichsthaler,Berlin,,,"9,119,790",Silver (.52083),5.345,25,FRIEDR·WILHELM III KŒNIG VON PREUSSEN,VIER UND ACHTZIG EINE FEINE MARK 6 ꟾ EINEN ꟾ REICHS ꟾ THALER ꟾ 1816 ꟾ A,,"Cayuga Coins, Ithaca, NY",
image/png,DE1817N33555-163,https://drive.google.com/thumbnail?id=1JknQxvgLxwhW2HyWZQaDrbLc51rGeoXG&sz=s4000,DE1817N33555-163,Germany,Kingdom of Prussia,Friedrich Wilhelm III (1797-1840),1817,4 Groschen,Berlin,,,"14,484,000",Silver (.521),5.345,23,FRIEDR. WILHELM III KOENIG V. PREUSSEN,SECHS EINEN THALER VIER GROSCHEN 1817 A,2/18/23,eBay seller: j_1120,
image/png,DE1825N6822-195,https://drive.google.com/thumbnail?id=1zzuBLpu1GtEcHRDvPUsdPpOAFG9uzAc_&sz=s4000,DE1825N6822-195,Germany,Kingdom of Prussia,Friedrich Wilhelm III (1797-1840),1825,1/6 Reichsthaler,Berlin,,,"4,662,000",Silver (.52083),5.345,23.17,FRIEDR. WILH. III KOENIG V. PREUSSEN A,VI. EINEN THALER LXXXIV. EINE F.M. 1825,,eBay,
image/png,DE1826N15656-162,https://drive.google.com/thumbnail?id=1eTAAJpA0QTHmTFiJeMSkyz-GG7ag8Mao&sz=s4000,DE1826N15656-162,Germany,Kingdom of Prussia,Friedrich Wilhelm III (1797-1840),1826,4 Pfenninge,Berlin,,,,Copper,6.15,25.4,90 EINEN THALER,SCHEIDE MÜNZE 4 ꟾ PFENNINGE ꟾ 1826 D,2/18/23,eBay seller: j_1120,
image/png,DE1840N15655-223,https://drive.google.com/thumbnail?id=1VzqAOwQb77_yCFvO2Sbwf2vFvXv5BkNq&sz=s4000,DE1840N15655-223,Germany,Kingdom of Bavaria,Ludwig I (1825-1848),1840,1 Kreuzer,,,,"1,769,000",Billon (.166 Silver),0.84,14,KŒNIGR. BAYERN,1 KREUZER 1840,,eBay seller: sloveniacoins,
image/png,DE1843N14262-146,https://drive.google.com/thumbnail?id=1_5vXy-WKDM8mJjjamjdFoj16AgrRk_Zn&sz=s4000,DE1843N14262-146,Germany,Kingdom of Prussia,Friedrich Wilhelm IV (1840-1861),1843,2 1/2 Silber Groschen,Berlin,,,"17,580,263",Billon (.375 Silver),3.248,20.75,FRIEDR. WILH. IV KOENIG V. PREUSSEN,12 EINEN THALER 2½ ꟾ SILBER ꟾ GROSCHEN ꟾ 1843 ꟾ A SCHEIDE MÜNZE,,"Cayuga Coins, Ithaca, NY",
image/png,DE1850N14262-164,https://drive.google.com/thumbnail?id=1EqzDGJh3m3uoCyKfOldQhVaCEPbg7vI3&sz=s4000,DE1850N14262-164,Germany,Kingdom of Prussia,Friedrich Wilhelm IV (1840-1861),1850,2 1/2 Silber Groschen,A,,,"2,697,844",Billon (.375 Silver),3.248,20.75,FRIEDR. WILH. IV KOENIG V. PREUSSEN,12 EINEN THALER 2½ ꟾ SILBER ꟾ GROSCHEN ꟾ 1850 ꟾ A SCHEIDE MÜNZE,2/18/2023,eBay Seller: j_1120,
image/png,DE1862N15607-167,https://drive.google.com/thumbnail?id=1gaC2VVu2tDDuUZ4FNPbw_ctV1azh82rm&sz=s4000,DE1862N15607-167,Germany,Kingdom of Prussia,Wilhelm I (1861-1888),1862,2 Pfenninge,Berlin,,,,Copper,2.97,20.55,180 EINEN THALER,SCHEIDE MÜNZE 2 ꟾ PFENNINGE ꟾ 1862 ꟾ A,,"Wayne Miller Coins, Helena, MT",
image/png,DE1863N23080-148,https://drive.google.com/thumbnail?id=1AwHVnrHfeA2qrP07EG_TZWtDqcqsa6CW&sz=s4000,DE1863N23080-148,Germany,Duchy of Nassau,Adolphe (1839-1866),1863,1 Kreuzer,Wiesbaden,,,"575,860",Copper,4.3,21.61,* HERZOGTHUM NASSAU * SCHEIDEMÜNZE,1 KREUZER 1863,,"Hallenbeck Coin Gallery, Colorado Springs, CO",
image/png,DE1871N8272-165,https://drive.google.com/thumbnail?id=1gMw7Fz86G93MOEygQ5kvHKZEYth051cG&sz=s4000,DE1871N8272-165,Germany,Kingdom of Prussia,Wilhelm I (1861-1888),1871,1 Silbergroschen,Frankfurt am Main,,,,Billon (.220 Silver),2.196,18.5,WILHELM KOENIG VON PREUSSEN,30 EINEN THALER 1 ꟾ SILBER ꟾ GROSCHEN ꟾ 1871 ꟾ C SCHEIDE MÜNZE,,"Wayne Miller Coins, Helena, MT",
image/png,DE1876N1923-197,https://drive.google.com/thumbnail?id=1rQKLZyg0x11xWys6lnlvC5JV8L-Rly1I&sz=s4000,DE1876N1923-197,Germany,German Empire,Wilhelm I (1871-1888),1876,2 Pfennig,Berlin,,,"18,906,335",Copper,3.25,20,A A,DEUTSCHES REICH 1876 2 • PFENNIG •,,"Wayne Miller Coins, Helena, MT",
image/png,DE1918N7101-194,https://drive.google.com/thumbnail?id=1tT-4ALg-H6TVzEpAKed0mn7MkfS0Z5-7&sz=s4000,DE1918N7101-194,Germany,City of Koblenz,Notgeld (1914-1924),1918,25 Pfennig,"Gebrüder Kugel & Fink, Lüdenscheid",,,,Iron,5.2,23.7,COBLENZ GÜLTIG BIS 1 JAHR NACH FRIEDENSSCHLUSS,KRIEGSGELD 1918 25 ✶ PFENNIG ✶,,"Wayne Miller Coins, Helena, MT",F#80.2e
image/png,DE1918N7101-245,https://drive.google.com/thumbnail?id=1ojyGUYvusDmFrIODTfHgwelrWtofU-tq&sz=s4000,DE1918N7101-245,Germany,City of Koblenz,Notgeld (1914-1924),1918,25 Pfennig,"Gebrüder Kugel & Fink, Lüdenscheid",,,,Iron,5.2,23.7,COBLENZ GÜLTIG BIS 1 JAHR NACH FRIEDENSSCHLUSS,KRIEGSGELD 1918 25 ✶ PFENNIG ✶,,"Wayne Miller Coins, Helena, MT",
image/png,DE1922N2729-242,https://drive.google.com/thumbnail?id=1N93iP4dTliw4caNKeBGBGIpPov49rEQV&sz=s4000,DE1922N2729-242,Germany,Weimar Republic (1918-1933),,1922,50 Pfennig,Karlsruhe,,,"36,744,646",Aluminium,1.65,23,Sich regen bringt Segen G,Deutſches Reich 50 Pfennig 1921,,"Wayne Miller Coins, Helena, MT",
image/png,DE1950N846-193,https://drive.google.com/thumbnail?id=1eNHN0_V-47fEm1XjEjorXw20exHQbsjU&sz=s4000,DE1950N846-193,Germany,Federal Republic of Germany,Federal Republic (1949-present),1950,1 Deutsche Mark,Munich,,,"60,467,000",Copper-nickel,5.5,23.5,BUNDESREPUBLIK DEUTSCHLAND ∙ D ∙,1 DEUTSCHE MARK 1950,,"Wayne Miller Coins, Helena, MT",
image/png,DE1978N1935-184,https://drive.google.com/thumbnail?id=1BzaOJxq7iIdUWlH8E3S4JhC-2WPk-IQw&sz=s4000,DE1978N1935-184,Germany,Federal Republic of Germany,Federal Republic (1949-present),1978,2 Deutsche Mark,Stuttgart,,,"3,804,000",Copper-nickel clad nickel,7,26.75,·BUNDESREPUBLIK DEUTSCHLAND· 1949 - 1969,BUNDESREPUBLIK DEUTSCHLAND 1978 F 2 DEUTSCHE MARK,,"Wayne Miller Coins, Helena, MT",
image/png,EE13xxN133225-215,https://drive.google.com/thumbnail?id=189tgzqutKUw_tV4X4e3iKSAKcxqqnHMJ&sz=s4000,EE13xxN133225-215,Estonia,Bishopric of Dorpat,Johannes I Viffhusen (1346-1373),1346-1373,1 Artig,Dorpat,,,,Silver,0.65,18,IOHANNES : EPC : TARP,MONETA : THARBE,,eBay,cut for change
image/png,EG1911N5849-141,https://drive.google.com/thumbnail?id=1zSYdzcSbhoSZD_rCb2OSJpCcQ_3hTjUY&sz=s4000,EG1911N5849-141,Egypt,Khedivate of Egypt,Mehmed V Reşâd (1909-1914),1911,5 Qirsh,Birmingham,,,"2,400,000",Silver (.833),7,26,٥ ش,٤ ضرب في مصر ١٣٢٧,,"Wayne Miller Coins, Helena, MT",dated 1312
image/png,ES-C1774N27119-205,https://drive.google.com/thumbnail?id=16i31y4DgD5gCi_m5iyeUmlCkfLiME9T-&sz=s4000,ES-C1774N27119-205,Spanish Colonies,Viceroyalty of the Río de la Plata,Charles III (1759-1788),1774,1 Real,Potosi,,,,Silver (.903),3.38,21.5,CAROLUS · III · DEI · GRATIA · 1774,· HISPAN · ETIND · REX · PTS · 1 R · J · R ·,4/25/22,eBay Seller: toyscout1,
image/png,ES-C1803N41352-204,https://drive.google.com/thumbnail?id=1n2Tlj7lKEW1ykOmke9oEXSHKwhz3BqNE&sz=s4000,ES-C1803N41352-204,Spanish Colonies,Viceroyalty of New Spain,Charles IV (1788-1808),1803,2 Reales,Mexico City,,,,Silver (.896),6.7668,28,CAROLUS·IIII·DEI·GRATIA·1803·,·HISPAN·ET IND·REX·Mo·2R·T·H·,,"Wayne Miller Coins, Helena, MT",
image/png,ES-C1810N15071-207,https://drive.google.com/thumbnail?id=1a29Zcc8DiGx1vYWxXSdjO_roJXOtuNmZ&sz=s4000,ES-C1810N15071-207,Spanish Colonies,Viceroyalty of New Spain,Ferdinand VII (1808-1821),1810,1 Real,Mexico City,,,,Silver (.903),3.38,20,FERDIN•VII•DEI•GRATIA •1810•,•HISPAN•ET IND•REX•Mo•1R•T•H•,,"Wayne Miller Coins, Helena, MT",
image/png,ES-C1820N32966-206,https://drive.google.com/thumbnail?id=1z2K4eJeq-p-DM35CTDZT4uWgxt5rzdFn&sz=s4000,ES-C1820N32966-206,Spanish Colonies,Viceroyalty of Peru,Ferdinand VII (1808-1821),1820,1/4 Real,Lima,,,,Silver (.896),0.7,10,,1/4 L . 1820 .,,"Wayne Miller Coins, Helena, MT",
image/png,ES1641N89680-208,https://drive.google.com/thumbnail?id=1wFgNoEgiA79Ee0MEChjH_sUkp9sZhZf7&sz=s4000,ES1641N89680-208,Spain,Habsburg Spain (1516-1700),Felipe IV (1621-1665),1641,8 Maravedis,Madrid,,,,Copper,4.5,21,VIII MD 1652,8 1641,,eBay seller: holding_history,NGC Verified #5914521-042 GENUINE
image/png,ES1825N23910-175.html,https://drive.google.com/thumbnail?id=1re0dCmD00PC3jsJETKvaJzT_YsnVVFsU&sz=s4000,ES1825N23910-175.html,Spain,Kingdom of Spain (1813-1873),Ferdinand VII (1808-1833),1825,8 Maravedis,Segovia,,,,Copper,10,29,FERDIN·VII· D·G·HISP·REX 8 · 1 8 25 ·,,,"Wayne Miller Coins, Helena, MT",
image/png,ES1844N18504-237,https://drive.google.com/thumbnail?id=1v5f1sfkOsQEWBUiIHxCkTXT5MzBTqHd-&sz=s4000,ES1844N18504-237,Spain,Kingdom of Spain (1813-1873),Isabella II (1833-1868),1844,4 Maravedis,Barcelona,,,,Copper,5,24,ISABEL 2 POR LA G-DE DIOS Y LA CONST 4 M. 1844,,,"Wayne Miller Coins, Helena, MT",
image/png,ES1844N4402-186,https://drive.google.com/thumbnail?id=1EFHv9nLEX1wtbRrS5PFqm1EA7LflBJkM&sz=s4000,ES1844N4402-186,Spain,Kingdom of Spain (1813-1873),Isabella II (1833-1868),1844,8 Maravedis,Segovia,,,,Copper,10,29,ISABEL 2ᴬ. POR LA G·DE DIOS Y LA CONST· 8 M. 1844·,,REYNA DE LAS E S P A Ñ A S.,"Wayne Miller Coins, Helena, MT",
image/png,ES1892N4009-151,https://drive.google.com/thumbnail?id=1biau7H1LbF_TLOq9fHLCUYk8SsLR5JtV&sz=s4000,ES1892N4009-151,Spain,Bourbon Restoration (1874-1931),Alfonso XIII (1886-1931),1892,5 Pesetas,Madrid,,,"7,000,000",Silver (.900),25,37,ALFONSO XIII POR LA G. DE DIOS 1892 G · S ·,REY CONST.L DE ESPANA M·P· 5 PESETAS ·M·,3/26/2023,"Inland Empire Coin Show, Coeur d'Alene, ID",
image/png,FR14xxN8633-190,https://drive.google.com/thumbnail?id=1K3oNlcJ2HKJpaYKzZOAGDv_TO7zKciw0&sz=s4000,FR14xxN8633-190,France,Kingdom of France,Charles VII (1422-1461),1436-1461,10 Deniers (Blanc),,,,,Silver,3.059,28,+ KAROLVS FRANCORVM REX,+ SIT NOME DNI BENEDICTVM,2020,eBay seller: holding_history,
image/png,FR1550N8555-172,https://drive.google.com/thumbnail?id=1vrwayJ4wDUlK_XEVeDr1VY1nb4egK6uN&sz=s4000,FR1550N8555-172,France,Kingdom of France,Henry II (1547-1559),1550,1 Douzain,Angers,,,"959,760",Billon (.292 Silver),2.682,24.5,+ HENRICVS. 2. DEI. G. FRANCORV. REX ♜,+ SIT. NOMEN. DNI BENEDICTVM. 1550 ♜,2020,eBay seller: holding_history,
image/png,FR1575N13341-177,https://drive.google.com/thumbnail?id=1yyvwAd5y6C1e0ketN3NtMWwW6XrfK4jP&sz=s4000,FR1575N13341-177,France,Kingdom of France,Henry III (1574-1589),1575,1 Douzain,Villeneuve-lès-Avignon,,,,Billon (.240 Silver),2.399,24.5,HENRICVS • III • D • G • FRAN • ET • POL • REX,SIT • NOMEM • DNI • BENEDICTVM 1575,2020,eBay seller: holding_history,
image/png,FR1578N39309-115,https://drive.google.com/thumbnail?id=1KUO-QMIkvcYyxGaIowTH5fskivWBZniW&sz=s4000,FR1578N39309-115,France,Kingdom of France,Henry III (1574-1589),1578,1 Sol Parisis,,,,,Billon (.319 Silver),2.353,23,+ HENRICVS.III.D.G.FRAN.ET.POL.REX 1578,M .SIT.NOMEN.DOMINI.BENEDICTVM.ING,2020,eBay seller: holding_history,
image/png,FR161xN52208-192,https://drive.google.com/thumbnail?id=1QkFIobAdlqyJRGLk58KSTaXUM-kohy__&sz=s4000,FR161xN52208-192,France,Kingdom of France,Louis XIII (1610-1643),1613-1615,2 Deniers,,,,,Copper,2.5,20,LOVIS.XIII.R.DE.FRAN.ET.NAVA.D.,+ DOVBLE TOVRNOIS 16xx,,"Wayne Miller Coins, Helena, MT",
image/png,FR1622N148490-222,https://drive.google.com/thumbnail?id=1xZPfulbQ1mTlelvvTHju0ZvlLi2tcaNj&sz=s4000,FR1622N148490-222,France,Free County of Burgundy,Philip IV (1621-1665),1622,1/32 Patagon,Dôle,,,,Billon,2.4,23,PHIL . IIII . D . G . REX . HISP . INDIAR . Zc,. ARCHID . AVST . DVX . ET . COM . BVRG . Zc,2020,eBay seller: holding_history,
image/png,FR1695N19922-196,https://drive.google.com/thumbnail?id=1P3_f9p5aS1WDoXbHipSdVPm-nJoEjRip&sz=s4000,FR1695N19922-196,France,Kingdom of France,Louis XIV (1643-1715),1695,15 Deniers,Paris,,,,Billon (.208 Silver),1.85,23.5,* LVD. .XIIII. D. G. FR. ET. N. R.,.SIT. NOMEN. DOMINI. BENEDICTVM. 1695,2020,eBay seller: holding_history,
image/png,FR169xN37829-239,https://drive.google.com/thumbnail?id=1EIVRIEROshePvJ2kXXptolhWDqWm2GCo&sz=s4000,FR169xN37829-239,France,Kingdom of France,Louis XIV (1643-1715),1692-1696,15 Deniers,Toulouse,,,,Billon (.208 Silver),1.85,23.5,* LVD. .XIIII. D. G. FR. ET. N. R.,.SIT. NOMEN. DOMINI. BENEDICTVM. 16xx,2020,eBay seller: holding_history,
image/png,FR1796N6474-189,https://drive.google.com/thumbnail?id=16g__ZVuYItPAdf7ZpuMJfrCyDYpTmlpT&sz=s4000,FR1796N6474-189,France,French First Republic,,1796,1 Décime,Paris,,,,Copper,20,32,REPUBLIQUE FRANÇAISE.,UN DÉCIME. L'AN 5. A,,"Wayne Miller Coins, Helena, MT","dated L'An 5, overstruck with 2 Décimes"
image/png,FR1xxxN29627-243,https://drive.google.com/thumbnail?id=1-6xd9pDhbhbVS7AVJNr2nfW7KFu_6H5j&sz=s4000,FR1xxxN29627-243,France,Kingdom of France,Louis XIV (1643-1715),1696-1715,16 Deniers,Strasbourg,,,,Billon (.208 Silver),1.85,22,LVD. XIIII. D. G. FR. ET. NAV. REX,SIT. NOMEN. DNI. BENEDICTVM. 1xxx,2020,eBay seller: holding_history,
image/png,FR-C1782N8454-221,https://drive.google.com/thumbnail?id=1-9WkpMFglw0W1FWvY3PWXomKFVE2a-ZL&sz=s4000,FR-C1782N8454-221,French Colonies,French Guiana,Louis XVI (1774-1792),1782,2 Sous,Paris,,,"3,000,000",Billon (.208 Silver),1.9,22,LOUIS XVI R.DE FR ET DE NAV.,2 SOUS 1782 A,,"Wayne Miller Coins, Helena, MT",likely contemporary counterfeit
image/png,US1879N1492-5,https://drive.google.com/thumbnail?id=1xcXdn7i7qsVzybCn6-bj36jd1glL1ZMi&sz=s4000,US1879N1492-5,United States of America,,Federal Republic (1776-Present),1879,1 Dollar,New Orleans,,,"2,887,000 ex.",Silver (.9000),26.73,38.1,E · PLURIBUS · UNUM LIBERTY 1879,UNITED STATES OF AMERICA In God we trust * ONE DOLLAR * S,,"Wayne Miller Coins, Helena, MT",Reverse of 1879
image/png,ANC-GR3xxN190503-228,https://drive.google.com/thumbnail?id=1ZvgAGfnEgQ44ed5wa2Gbi-ZgroC5-cmn&sz=s4000,ANC-GR3xxN190503-228,Ancient Greece,Boeotian League,,338 BC - 300 BC,Chalkon,,,,,Bronze,1.91,14,,"BOIΩTΩN
H",3/26/2023,"Inland Empire Coin Show, Coeur d'Alene, ID",
image/png,ANC-GR3xxN59079-200,https://drive.google.com/thumbnail?id=1tRN-BiCSKqESD61m1DgaEa7u1etjrSK6&sz=s4000,ANC-GR3xxN59079-200,Ancient Greece,Thasos,,400 BC - 350 BC,1 Trihemiobol,Thasos,,,,Silver,0.8,11,,ΘΑΣ ΙΩΝ,,eBay,Purchased by Theresa Boyar circa 2006
image/png,DE18xxN67039-225,https://drive.google.com/thumbnail?id=1O1vsK_El_k_IrRpMX8RInBBSVOtul1tG&sz=s4000,DE18xxN67039-225,Germany,Kingdom of Hannover,Georg IV (1820-1830),1822-1830,4 Pfennig,,,,,Billon (.187),1.25,16,"GR
CONVENT. MÜNZE.
IV .","IIII
PFENN.
18__.
B.",,eBay seller: sloveniacoins,
image/png,ANC-NABxxN69784-152,https://drive.google.com/thumbnail?id=1Eh2uqLaF8SPtKwSyMbakSK18zoPtoGzO&sz=s4000,ANC-NABxxN69784-152,Ancient Arabia,Nabataean Kingdom,Aretas IV (9BC-40AD),9BC-40AD,AE 17,Petra,,,,Bronze,4,17,,"HRTT
SQJ
LT",10/29/2022,eBay seller: holding_history,"Purchased for $26, NGC Certified #6556385-045"
image/png,ANC-ROM3xxN361699-233,https://drive.google.com/thumbnail?id=15n7SCtmewTaSc867LRASZ25LkMRddCQr&sz=s4000,ANC-ROM3xxN361699-233,Ancient Rome,Roman Empire,Constantine I (306-337),336-337,Nummus,Thessalonica,,,,Bronze,1.89,16.55,CONSTANTINOPOLIS,SMTS,,"Wayne Miller Coins, Helena, MT",
image/png,BYZ5xxN46752-247,https://drive.google.com/thumbnail?id=1oGUnnzWqS5TkFBV9yxLxKknieB4afF0u&sz=s4000,BYZ5xxN46752-247,Byzantine Empire,,Justinian I (527-565),527-538,40 Nummi,Constantinopolis,,,,Copper,16.5,30,D N IVSTINIANVS P P AVG,"☩
✶M♰
Δ
CON",4/24/2021,eBay seller: holding_history,Purchased for $11.50
image/png,GAUxxN23646-91,https://drive.google.com/thumbnail?id=1FmN9L9HQFys9aQTC07dgYfrOkQVrljgy&sz=s4000,GAUxxN23646-91,Ancient Gaul,Senones,,60 BC - 52 BC,Potin,,,,,,4,18,,,9/25/2021,eBay seller: holding_history,Purchased for $14.50
image/png,GAUxxN184017-213,https://drive.google.com/thumbnail?id=1A4qC8Nbp8yzCUEW7tqEFh9rXil4_sUV8&sz=s4000,GAUxxN184017-213,Ancient Gaul,Remi,,20 BC - 10 BC,,,,,,Bronze,3.25,17.5,,"GERMANVS
INDVTILLI",2/4/2023,eBay seller: holding_history,Purchased for $15.50